{
    "loss": 40.69882583618164,
    "accuracy": 0.4313725531101227
}